Location Name:,Internal Branded Name:,CLS emails:,Hub Emails:
The Ridge,Ridge (1420)," theridge@bhmanagement.com, TheRidge025@myLTSMail.com",theridge@bhmanagement.com
Bristol Place Apartments,Bristol (1546)," bristolplace@bhmanagement.com, BristolPlace016@myLTSMail.com",bristolplace@bhmanagement.com
The Villages at Louetta,Louetta (1402)," villagesatlouetta@bhmanagement.com, VillageatLouetta024@myLTSMail.com",villagesatlouetta@bhmanagement.com
Bella Vida at Coyote Ridge,Bella Vida (1467)," bellavida@bhmanagement.com, BellaVidaAtCoyoteRidge032@myLTSMail.com",bellavida@bhmanagement.com
The Landings at Brooks City Base,The Landings at Brooks City Base," Brookscity@BHManagement.com, LandingsatBrooksCityBase023@myLTSMail.com",Brookscity@BHManagement.com
Axis at Westmont,Stone Crest (1645),"",FountainsAtStoneCrest017@myLTSMail.com
The Lakes at Fountain Square,The Lakes at Fountain Square,"",LakesAtFountainSquare020@myLTSMail.com
Northgate Oaks Apartments,Northgate (1618)," northgateoaks@bhmanagement.com, NorthgateOaks022@myLTSMail.com",northgateoaks@bhmanagement.com
Republic Deer Creek Apartments,Deer Creek (1435), RepublicDeerCreek034@myLTSMail.com,RepublicDeerCreek034@myLTSMail.com
Prentiss Creek at Downers Grove,"", PrentissCreekatDownersGrove018@myLTSMail.com,PrentissCreekatDownersGrove018@myLTSMail.com
Pavilions at Deer Chase,"", PavilionsDeerChase027@myLTSMail.com,PavilionsDeerChase027@myLTSMail.com
Promenade at Uptown,"", PromenadeatUptown026@myLTSMail.com,PromenadeatUptown026@myLTSMail.com
Axis at One Pine,Viera (1629),"",VieraPlantationApartments026@myLTSMail.com
Promenade at Aloma,"", BarringtonPlaceAPTS020@myLTSMail.com,BarringtonPlaceAPTS020@myLTSMail.com
Republic Woodlake,"", republicwoodlake013@myltsmail.com,republicwoodlake013@myltsmail.com
The Grove,Grove (1422)," thegrove@bhmanagement.com, TheGrove022@myLTSMail.com",thegrove@bhmanagement.com
Hawthorne Ridge Apartments,Hawthorne (1552)," hawthorneridge@bhmanagement.com, HawthorneRidge020@myLTSMail.com",hawthorneridge@bhmanagement.com
Willow Lake Apartments,Willow, WillowLakeTX017@myLTSMail.com,willowlake@bhmanagement.com
Paces River Apartments,"", PacesRiver023@myLTSMail.com,PacesRiver023@myLTSMail.com
The Views of Naperville,"", ViewsofNaperville023@myLTSMail.com,ViewsofNaperville023@myLTSMail.com
Carmel Landing,"", CarmelLanding045@myLTSMail.com,CarmelLanding045@myLTSMail.com
The Breakers Resort,"","",thebreakers@bhmanagement.com
The Fountains of Conroe,Fountains of Conroe (1412)," fountainsofconroe@bhmanagement.com, FountainsofConroe021@myLTSMail.com",fountainsofconroe@bhmanagement.com
Grand Parkway,Grand Parkway - 1659,"",GrandParkway018@myLTSMail.com
City Parc at Keller,"", CityParcatKeller021@myLTSMail.com,CityParcatKeller021@myLTSMail.com
Stoneleigh on Kenswick Apartments,"", StoneleighonKenswick020@myLTSMail.com,StoneleighonKenswick020@myLTSMail.com
